23852;<em>Eriophoro vaginati - Vaccinietum uliginosi de Foucault 1999;20769;/380/3558/16687/20769/23852
23853;<em>Dicrano bergeri - Callunetum vulgaris Thébaud & Pétel 2008;20769;/380/3558/16687/20769/23853
23855;<em>Avenello flexuosae - Sphagnetum capillifolii Thébaud & Pétel 2008;20770;/380/3558/16687/20770/23855
23857;<em>Carici nigrae - Sphagnetum magellanici Bick 1985 nom. mut.;20770;/380/3558/16687/20770/23857
23859;<em>Herniarietum glabrae (Hohenester 1960) Hejný & Jehlík 1975;16689;/374/3559/16689/23859
23861;<em>Rumici acetosellae - Spergularietum rubrae Hülbusch 1973;16689;/374/3559/16689/23861
23862;<em>Polygono avicularis - Scleranthetum uncinati de Foucault & Terrisse in de Foucault 1987;16689;/374/3559/16689/23862
23863;<em>Poo annuae - Coronopodetum squamati (Oberd. 1957) Gutte 1966;16689;/374/3559/16689/23863
23865;<em>Coronopodo procumbentis - Sclerochloetum durae Braun-Blanq. 1936;16690;/374/3559/16690/23865
23866;<em>Sclerochloo durae - Polygonetum arenastri Soó ex Korneck 1969 corr. Mucina in Mucina et al. 1993 ;16690;/374/3559/16690/23866
23868;<em>gr. à Polypogon maritimus - Bellis annua Paradis et al., 2002;16788;/381/3586/16788/23868
23869;<em>Laurentio michelii - Anthocerotetum dichotomi Braun-Blanq. 1936;16788;/381/3586/16788/23869
23871;<em>Cicendietum filiformis Allorge 1922;16691;/381/3586/16691/23871
23873;<em>Centaurio maritimi - Juncetum capitati Bioret in de Foucault 2013;16691;/381/3586/16691/23873
23874;<em>gr. à Montia fontana subsp. chondrosperma - Sedum villosum de Foucault, 1988;16691;/381/3586/16691/23874
23875;<em>gr. à Sedum villosum subsp. villosum Gésan 1978;16691;/381/3586/16691/23875
23878;<em>Ranunculo sardoi - Myosuretum minimi Diemont et al. ex Oesau 1973;20771;/381/3586/16692/20771/23878
23879;<em>gr. à Sagina subulata - Illecebrum verticillatum Choisnet & Mulot, 2008;20771;/381/3586/16692/20771/23879
23880;<em>Ranunculo gracilis - Radioletum linoidis (Hueck 1932) Libbert 1940;20772;/381/3586/16692/20772/23880
23882;<em>Junco capitati - Morisietum monanthi Gamisans 1976;20772;/381/3586/16692/20772/23882
23885;<em>gr. à Illecebrum verticillatum Billy, 2002;16693;/381/3586/16693/23885
23886;<em>gr. à Juncus bufonius - Gypsophila muralis Billy, 2002;16693;/381/3586/16693/23886
23887;<em>Gnaphalio uliginosi - Peplidetum portulae O. Bolos 1979;16693;/381/3586/16693/23887
23888;<em>gr. à Spergularia segetalis - Lythrum thymifolium Seytre, 2006;16693;/381/3586/16693/23888
23889;<em>gr. à Juncus bufonius - Myosurus minimus Bournérias et al., 1978;16693;/381/3586/16693/23889
23890;<em>Isolepido setaceae - Centaurietum chloodis Rivas Goday ex Brullo & Minissale 1998;16694;/381/3586/16694/23890
23891;<em>gr. à Blackstonia imperfoliata - Blackstonia perfoliata de Foucault, 1984;16694;/381/3586/16694/23891
23892;<em>gr. à Blackstonia imperfoliata de Foucault, inédit août 1986;16694;/381/3586/16694/23892
23893;<em>Blackstonio perfoliatae - Ranunculetum sardoi de Foucault 2013;16694;/381/3586/16694/23893
23894;<em>gr. à Centaurium maritimum - Blackstonia acuminata Georgen, 1982;16694;/381/3586/16694/23894
23896;<em>Erythraeo pulchellae - Blackstonietum serotinae Oberd. 1957;16694;/381/3586/16694/23896
23898;<em>Junco sphaerocarpi - Lythretum hyssopifoliae de Laclos & J.-M. Royer ex de Laclos & J.-M. Royer in J.-M. Royer, Felzines, Misset & Thévenin 2006;16694;/381/3586/16694/23898
23900;<em>Lino cathartici - Blackstonietum perfoliatae de Foucault & JuIve 2002;16694;/381/3586/16694/23900
23902;<em>Spirodelo - Lemnetum minoris Müll. & Görs 1960;16695;/375/3561/16695/23902
23904;<em>Lemnetum minori - turioniferae Wolff & Jentsch ex H. Passarge 1996;16695;/375/3561/16695/23904
23907;<em>Lemno minoris - Azolletum filiculoidis Braun-Blanq. in Braun-Blanq., Roussine & Nègre 1952;16695;/375/3561/16695/23907
23909;<em>Ricciocarpetum natantis Tüxen 1974;20773;/375/3561/16696/20773/23909
23911;<em>Salvinio - Spirodeletum polyrhizae Slavni? 1956;20774;/375/3561/16696/20774/23911
23913;<em>Utricularietum australis T. Müll. & Görs 1960;20775;/375/3562/16697/20775/23913
23916;<em>Lemno minoris - Hydrocharitetum morsus-ranae Oberd. ex H. Passarge 1978;20776;/375/3562/16697/20776/23916
23919;<em>Isoeto lacustris - Lobelietum dortmannae Tüxen 1937 emend. Dierssen 1975;16698;/376/3563/16698/23919
23920;<em>gr. à Baldellia ranunculoides - Lobelia dortmanna Clément & Touffet 1983;16698;/376/3563/16698/23920
23921;<em>Scirpo americani - Lobelietum dortmannae Vanden Berghen 1964 emend. Dierssen 1975;16698;/376/3563/16698/23921
23922;<em>Isoetetum boryanae (Vanden Berghen 1969) Dierssen 1975;16698;/376/3563/16698/23922
23923;<em>Junco heterophylli - Pilularietum globuliferae J. Rodríguez et al. 1997;16699;/376/3563/16699/23923
23924;<em>Littorello uniflorae - Isoetetum velatae Paradis & Pozzo di Borgo 2005;16699;/376/3563/16699/23924
23926;<em>Eleocharitetum multicaulis Allorge ex Tüxen 1937;16699;/376/3563/16699/23926
23927;<em>Hyperico elodis - Potametum oblongi Allorge ex Braun-Blanq. & Tüxen 1952;16699;/376/3563/16699/23927
23931;<em>Apio inundati - Littorelletum uniflorae Fröde ex Passarge 1999;16699;/376/3563/16699/23931
23933;<em>Ranunculo flammulae - Juncetum bulbosi Oberd. 1957;16699;/376/3563/16699/23933
23934;<em>Samolo valerandi - Littorelletum uniflorae Westhoff 1947;16700;/376/3563/16700/23934
23936;<em>gr. à Eleocharis multicaulis - Solenopsis minuta de Litardière 1930;16701;/376/3563/16701/23936
23937;<em>Littorello uniflorae - Isoetetum tenuissimae Allorge & Gaume ex Géhu & de Foucault 1988;16702;/376/3564/16702/23937
23939;<em>Eleocharito acicularis - Alismatetum graminei Kallen ex H. Passarge 1999;16702;/376/3564/16702/23939
23940;<em>Eleocharito acicularis - Marsileetum quadrifoliae Ubriszy ex Pietsch 1977;16702;/376/3564/16702/23940
23942;<em>Isoeto lacustris - Sparganietum borderei Braun-Blanq. 1948 emend. Lazare & Riba 2010;16703;/376/3564/16703/23942
23944;<em>Isoetetum creussensis Lazare & Riba 2010;16703;/376/3564/16703/23944
23946;<em>Callitricho palustris - Sparganietum angustifolii Braun-Blanq. ex Oberd. 1957;16703;/376/3564/16703/23946
23948;<em>Ranunculo nodiflori - Juncetum bulbosi Gamisans 1976;16704;/376/3564/16704/23948
23949;<em>Sorbo ambiguae - Calamagrostietum arundinaceae Oberd. (1936) 1957;16705;/377/3565/16705/23949
23951;<em>Crepido blattarioidis - Laserpitietum latifolii Richard ex Fernez et al. 2007;16705;/377/3565/16705/23951
23953;<em>Senecioni cacaliastri - Calamagrostietum arundinaceae Schaminée et al. 1992;16705;/377/3565/16705/23953
23954;<em>Heracleo sphondylii - Calamagrostietum arundinaceae Michalet & Philippe 1994;16705;/377/3565/16705/23954
23955;<em>Luzulo sylvaticae - Calamagrostietum arundinaceae Michalet & Philippe 1994;16705;/377/3565/16705/23955
23956;<em>Lilio pyrenaici - Molopospermetum peloponesiaci Rivas-Mart., Costa & P. Soriano in Rivas-Mart. et al. 2002;16705;/377/3565/16705/23956
23958;<em>Knautio arvernensis - Imperatorietum ostruthii de Foucault & Gruber 2013;16706;/377/3565/16706/23958
23959;<em>Scrophulario alpestris - Aruncetum dioici Nègre 1972 corr. Rivas-Mart. et al. 2002;16706;/377/3565/16706/23959
23961;<em>Valeriano montanae - Aconitetum pyrenaici O. Bolòs & P. Monts. in O. Bolòs 1984;16706;/377/3565/16706/23961
23962;<em>Ranunculo platanifolii - Adenostyletum pyrenaicae Rivas-Mart., Báscones, T.E. Díaz, F.-González & Loidi 1991;16706;/377/3565/16706/23962
23963;<em>Delphinio montani - Trollietum europaei Braun-Blanq. 1948 nom. inval. (art. 3b);16706;/377/3565/16706/23963
23965;<em>gr. à Adenostyles albifrons et Scrophularia alpestris Chouard, 1949;16706;/377/3565/16706/23965
23966;<em>Doronico austriaci - Campanuletum latifoliae Quézel & Rioux 1954;16707;/377/3565/16707/23966
23969;<em>Arabido cebennensis - Adenostyletum alliariae Braun-Blanq. ex Delpech & de Foucault 1985;16707;/377/3565/16707/23969
23971;<em>Polygonato verticillati - Adenostyletum alliariae de Foucault 1999;16707;/377/3565/16707/23971
23972;<em>Ranunculo lanuginosi - Adenostyletum alliariae de Foucault & Corriol 2013;16707;/377/3565/16707/23972
23974;<em>Delphinietum elati Sutter 1978;16707;/377/3565/16707/23974
23975;<em>Hugueninio tanacetifoliae - Adenostyletum alliariae Lacoste ex de Foucault & Lacoste 2013;16707;/377/3565/16707/23975
23977;<em>Polygono bistortae - Eryngietum alpini Géhu-Franck & Géhu 1984;16707;/377/3565/16707/23977
23980;<em>association à Aconitum lycoctonum et Adenostyles glabra de Bannes-Puygiron 1933;16707;/377/3565/16707/23980
23981;<em>Salici lapponum - Luzuletum desvauxii (Luquet 1926) de Foucault & Corriol 2013;16708;/377/3565/16708/23981
23982;<em>Veratro albi - Luzuletum desvauxii Michalet & Philippe 1994;16708;/377/3565/16708/23982
23984;<em>Arunco dioici - Petasitetum albi Braun-Blanq. & Sutter 1977;16709;/377/3565/16709/23984
23845;<em>Ericetum tetralicis (P. Allorge 1922) Jonas ex Thébaud 2012;16731;/380/3571/16731/23845
23846;<em>Sphagno compacti - Ericetum tetralicis (Clément 1981) Thébaud 2012;16731;/380/3571/16731/23846
23847;<em>Sphagno compacti - Trichophoretum germanici (Oberd.) J. & M. Bartsch 1940;16731;/380/3571/16731/23847
23849;<em>Sphagno tenelli - Trichophoretum cespitosi Osvald 1925;20769;/380/3558/16687/20769/23849
20780;<em>Adenocarpo complicati - Ericetum arboreae Braun-Blanq. ex Braun-Blanq., Roussine & Nègre 1952;8587;/387/944/8587/20780
20782;<em>Querco suberis - Sarothamnetum scoparii Dupont ex Géhu & Géhu-Franck 1975;8587;/387/944/8587/20782
20784;<em>Junipero communis - Cytisetum scoparii B. Foucault 1991;8587;/387/944/8587/20784
20786;<em>Ulici europaei - Cytisetum scoparii Oberd. ex B. Foucault, Lazare & Bioret 2014;8587;/387/944/8587/20786
20788;<em>Plantagini holostei - Cytisetum oromediterranei Arnaud, Gamisans & Gruber 1983;8588;/387/944/8588/20788
20789;<em>Teucrio scorodoniae - Cytisetum purgantis Billy 1997;8588;/387/944/8588/20789
20791;<em>Violo saxatilis - Cytisetum oromediterranei J.-M. Royer 1971 corr. J.-M. Royer, Felzines, Misset & Thévenin 2006;8588;/387/944/8588/20791
20792;<em>Groupe à Erica cinerea - Cytisus oromediterraneus Ghestem & Wattez 1978;8588;/387/944/8588/20792
20793;<em>Rubo bifrontis - Cytisetum scoparii Robbe ex J.-M. Royer, Felzines, Misset & Thévenin 2006;8589;/387/944/8589/20793
20795;<em>Veronico chamaedryos - Cytisetum scoparii Billy 1997;8589;/387/944/8589/20795
20797;<em>Cytiso scoparii - Cotoneastretum integerrimi Stöcker 1962;8589;/387/944/8589/20797
20798;<em>Rubo plicati - Sarothamnetum scoparii H.E. Weber 1987;8589;/387/944/8589/20798
20799;<em>Fourré à Cytisus scoparius subsp. s. - Jacobaea adonidifolia - Juniperus communis subsp. c.  Liou Tchen Ngo 1929 ;8589;/387/944/8589/20799
24469;<em>Laguro ovati - Diplotaxietum tenuifoliae Géhu 2008;16800;/392/3590/16800/24469
24470;<em>Laguro ovati - Centaureetum asperae Géhu 2000;16800;/392/3590/16800/24470
24471;<em>Hordeo murinum - Arctothecetum calendulae Campos et al. 2010;16800;/392/3590/16800/24471
24472;<em>Matricario maritimae - Raphanetum maritimi Géhu 2000;16800;/392/3590/16800/24472
24473;<em>gr. à Silene conica - Bromus tectorum Basso et al. 2003;16800;/392/3590/16800/24473
24474;<em>Chenopodietum muralis Braun- Blanq. & Maire ex Braun- Blanq. 1936;16801;/392/3591/16801/24474
24475;<em>Amarantho blitoidis - Chenopodietum ambrosioidis O. Bolòs 1967;16801;/392/3591/16801/24475
24476;<em>Chenopodietum muralis sensu Quantin 1947;16801;/392/3591/16801/24476
24478;<em>Chenopodio vulvariae - Atriplicetum roseae Molin. & Tallon 1970;16801;/392/3591/16801/24478
24479;<em>Lavateretum cretico - arboreae Braun-Blanq. & Molin. 1935;16802;/392/3591/16802/24479
24481;<em>Erigeronto canadensis - Lactucetum serriolae Lohmeyer ex Oberd. 1957;16804;/392/3592/16804/24481
24482;<em>Lactuco serriolae - Sisymbrietum altissimi Lohmeyer ex Kienast 1978;16804;/392/3592/16804/24482
24483;<em>Sisymbrio sophiae - Atriplicetum oblongifoliae Oberd. 1957;16804;/392/3592/16804/24483
24485;<em>Chenopodietum stricti Oberd. 1957;16804;/392/3592/16804/24485
24487;<em>Vulpio myuri - Erigerontetum canadensis Petit 1979;16804;/392/3592/16804/24487
24488;<em>Sisymbrio altissimi - Brassicetum nigrae Kruseman in Westhoff et al. 1946;16804;/392/3592/16804/24488
24490;<em>Chenopodio vulvariae - Malvetum neglectae Gutte 1972;16805;/392/3592/16805/24490
24491;<em>Chenopodietum vulvariae Gutte & Pysek 1976;16805;/392/3592/16805/24491
24492;<em>Hyoscyamo nigri - Malvetum neglectae Aichinger 1933;16805;/392/3592/16805/24492
24494;<em>Sisymbrio officinalis - Hordeetum murinum Braun-Blanq. 1967;16806;/392/3592/16806/24494
24496;<em>Coronopodo procumbentis - Centaureetum calcitrapae Quantin 1947;16806;/392/3592/16806/24496
23985;<em>Valeriano rotundifoliae - Adenostyletum briquetii Gamisans 1977;16710;/377/3565/16710/23985
23986;<em>Mégaphorbiaies à Aconitum napellus subsp. corsicum Bensettiti, 2002;16710;/377/3565/16710/23986
23987;<em>Carici piluliferae - Pseudarrhenatheretum longifolii (Allorge 1941) de Foucault 1986;16711;/378/3566/16711/23987
23988;<em>gr. à Brachypodium pinnatum - Pseudarrhenatherum longifolium de Foucault 1986;16711;/378/3566/16711/23988
23990;<em>Agrostio curtisii - Avenuletum sulcatae de Foucault (1986) 1993;16711;/378/3566/16711/23990
23991;<em>Agrostietum capillari - curtisii Wattez & Godeau ex de Foucault 1993;16711;/378/3566/16711/23991
23993;<em>gr. à Agrostis curtisii - Sedum anglicum subsp. anglicum de Foucault 1993;16711;/378/3566/16711/23993
23994;<em>Gladiolo dubii - Agrostietum curtisii de Foucault 1993 corr. 2008;16711;/378/3566/16711/23994
23997;<em>Hyperico maculati - Meetum athamantici (Schumacker 1975) de Foucault & Schumacker 2012;16712;/378/3566/16712/23997
23998;<em>gr. à Simethis mattiazzii - Festuca filiformis  de Foucault inédit;16712;/378/3566/16712/23998
23999;<em>Jasiono laevis - Danthonietum decumbentis Loidi 1983;16713;/378/3566/16713/23999
24000;<em>Polygalo vulgaris - Nardetum strictae Oberd. 1957;16714;/378/3566/16714/24000
24002;<em>Diantho sylvatici - Meetum athamantici (Luquet 1926) de Foucault 1986;16714;/378/3566/16714/24002
24004;<em>Arnicetum montanae Schwick. 1944;16714;/378/3566/16714/24004
24005;<em>Lathyro montani - Nardetum strictae Sougnez 1977;16714;/378/3566/16714/24005
24007;<em>Polygalo vulgaris - Caricetum caryophylleae Misset 2002;16714;/378/3566/16714/24007
24009;<em>Aveno pratensis - Genistelletum sagittalis (Kuhn 1937) Oberd. 1957;16714;/378/3566/16714/24009
24011;<em>Carici arenariae - Luzuletum campestris de Foucault 2008;16715;/378/3566/16715/24011
24013;<em>Platanthero bifoliae - Serapiadetum linguae de Foucault et al. 1992;16716;/378/3566/16716/24013
24014;<em>Orchido morionis - Serapiadetum linguae de Foucault 1986;16716;/378/3566/16716/24014
24015;<em>gr. à Serapias lingua - Viola lactea de Foucault 1994;16716;/378/3566/16716/24015
24017;<em>Caro verticillati - Juncetum squarrosi de Foucault & Philippe in Royer et al. 2006;16717;/378/3566/16717/24017
24019;<em>Polygalo vulgaris - Caricetum paniceae Misset 2002;16717;/378/3566/16717/24019
24020;<em>Gentiano pneumonanthes - Nardetum strictae Preising 1950 nom. invers. Stieperaere 1990;16717;/378/3566/16717/24020
24021;<em>Eriophoro angustifolii - Juncetum squarrosi Lonati 2009;16717;/378/3566/16717/24021
24022;<em>Violo luteae - Nardetum strictae (Issler 1927) Oberd. 1957;16718;/378/3567/16718/24022
24023;<em>Leontodonto helvetici - Nardetum strictae Bartsch & Bartsch 1940;16718;/378/3567/16718/24023
24024;<em>Diantho sylvatici - Leontodontetum pyrenaici Billy 2000;16718;/378/3567/16718/24024
24025;<em>Brizo mediae - Agrostietum capillaris Thébaud 2006;16718;/378/3567/16718/24025
24027;<em>Luzulo multiflorae - Nardetum strictae Thébaud 2006;16718;/378/3567/16718/24027
24028;<em>Plantagini alpinae - Nardetum strictae Braun-Blanquet 1926;16718;/378/3567/16718/24028
24029;<em>Festuco rubrae - Nardetum strictae Braun-Blanquet 1926;16718;/378/3567/16718/24029
24030;<em>gr. à Dianthus seguieri s.l. -  Viola lutea Julve & de Foucault 1994;16718;/378/3567/16718/24030
24031;<em>gr. à Alchemilla saxatilis - Nardus stricta Choisnet & Mulot 2008;16718;/378/3567/16718/24031
24032;<em>gr. à Phyteuma hemisphaericum - Nardus stricta Choisnet & Mulot 2008;16718;/378/3567/16718/24032
24034;<em>Daphno cneori - Nardetum strictae Ritter 1972;16719;/378/3567/16719/24034
24036;<em>Festuco rubrae - Nardetum strictae Braun-Blanq. 1926;16719;/378/3567/16719/24036
24037;Polygalo vulgaris - Nardetum strictae sensu Vertès 1983;16719;/378/3567/16719/24037
24039;Endressio pyrenaicae - Nardetum strictae Vigo 1972;16721;/378/3567/16721/24039
24040;Polygalo serpyllifoliae - Nardetum strictae Nègre 1969 nom. inv. prop.;16721;/378/3567/16721/24040
24042;Botrychio lunariae - Nardetum strictae Peeters & Vanden Berghen 1981;16721;/378/3567/16721/24042
24043;Trifolio thalii - Nardetum strictae Rivas-Mart. et al. 1991;16721;/378/3567/16721/24043
24045;Selino pyrenaei - Nardetum strictae Braun-Blanq. 1948;16721;/378/3567/16721/24045
24047;Trifolio alpini - Phleetum gerardi  Braun-Blanq. 1948;16721;/378/3567/16721/24047
24051;Nigritello cornelianae - Nardetum strictae Barbero 1970;16722;/378/3567/16722/24051
24053;Anthoxantho odorati - Veronicetum allionii Lavagne et al. 1983;16722;/378/3567/16722/24053
24054;Trifolio alpini - Poetum violaceae Lavagne et al. 1983 nom. inval.;16722;/378/3567/16722/24054
24055;Avenetum parlatorei Lavagne et al. 1983;16722;/378/3567/16722/24055
24056;Leucanthemo delarbrei - Festucetum spadiceae Braun-Blanq. 1926;16722;/378/3567/16722/24056
24059;Junipero nanae - Festucetum paniculatae Nègre 1950;16723;/378/3567/16723/24059
24060;Anemono alpinae - Meetum athamantici Lippmaa 1933;16723;/378/3567/16723/24060
24062;Hieracio hypeuryi - Festucetum spadiceae Braun-Blanq. 1948 corr. Corriol 2008;16724;/378/3567/16724/24062
24064;Galio cespitosi - Festucetum eskiae Nègre 1974;16724;/378/3567/16724/24064
24066;Irido xiphioidis - Festucetum paniculatae Nègre 1968;16724;/378/3567/16724/24066
24069;Androsaco laggeri - Festucetum eskiae Gruber 1975;16724;/378/3567/16724/24069
24070;Luzulo spadiceae - Festucetum eskiae tenuifoliae Nègre & Serve 1979 nom. inv. prop.;16724;/378/3567/16724/24070
24071;Soldanello alpinae - Luzuletum spadiceae Nègre 1968;16724;/378/3567/16724/24071
24072;Armerio plantagineae - Festucetum paniculatae Nègre 1977;16724;/378/3567/16724/24072
24074;Ophioglosso azorici - Nardetum strictae Gamisans 1976;16725;/378/3568/16725/24074
24077;Geo montani - Phleetum brachystachyi Gamisans 1977;16727;/378/3568/16727/24077
24078;Gnaphalio supini - Sibbaldietum procumbentis Gamisans 1977;16727;/378/3568/16727/24078
24081;Tamaricetum gallicae Braun-Blanq. & O. Bolòs 1958;16728;/379/3569/16728/24081
24082;Solano dulcamarae - Tamaricetum gallicae de Foucault 2008;16728;/379/3569/16728/24082
24083;gr. à Tamarix africana de Provence V. Noble inédit;16728;/379/3569/16728/24083
24084;Inulo crithmoidis - Tamaricetum africanae Gamisans 1992;16728;/379/3569/16728/24084
24085;Althaeo officinalis - Tamaricetum africanae Gamisans 1992;16728;/379/3569/16728/24085
24086;gr. à Juncus acutus - Tamarix africana Paradis et al. 2002;16728;/379/3569/16728/24086
24087;Rubo ulmifolii - Nerietum oleandri O. Bolòs 1956;16729;/379/3570/16729/24087
24089;Nerio oleandri - Viticetum agni-casti Paradis 2006;16729;/379/3570/16729/24089
24090;Rubo ulmifolii - Viticetum agni-casti Paradis 2006;16729;/379/3570/16729/24090
24091;Erico scopariae - Nerietum oleandri (Lavagne & Moutte 1971) de Foucault, Bensettiti, Noble & Paradis 2012;16729;/379/3570/16729/24091
24092;Erico tetralicis - Sphagnetum magellanici (Osvald 1923) J.J. Moore 1968;16730;/380/3571/16730/24092
24094;Sphagno subnitentis - Narthecietum ossifragi Touffet ex Clément & Touffet 1980 nom. mut. propos. Thébaud 2012;16730;/380/3571/16730/24094
24096;Romuleo columnae - Isoëtetum histricis Bioret in de Foucault 2013;16783;/378/3567/16721/24042/16783/24096
24097;Chamaemelo nobilis - Isoëtetum histricis Bioret in de Foucault 2013;16783;/378/3567/16721/24042/16783/24097
24099;gr. à Bellium bellidioides - Isoëtes histrix Paradis & Pozzo di Borgo 2005;16783;/378/3567/16721/24042/16783/24099
24100;gr. à Danthonia decumbens subsp. decumbens - Isoëtes histrix Chagneau, 2010;16783;/378/3567/16721/24042/16783/24100
24101;gr. à Oenanthe pimpinelloides - lsoëtes histrix Terrisse, 2005;16783;/378/3567/16721/24042/16783/24101
24103;Peplido portulae - Eleocharitetum ovatae W. Pietsch 1973;20778;/381/3572/16732/20778/24103
24105;Elatino alsinastri - Juncetum tenageiae Libbert ex W. Pietsch 1973;20778;/381/3572/16732/20778/24105
24106;Lythro portulae - Ludwigietum palustris Robbe ex J.-M. Royer, Felzines, Misset & Thévenin 2006;20778;/381/3572/16732/20778/24106
24108;Chenopodio rubri - Coleanthetum subtilis Le Bail, Lacroix, Magnanon & de Foucault 2013;20778;/381/3572/16732/20778/24108
24110;gr. à Limosella palustris - Ranunculus sceleratus Bournérias et al., 1978;20779;/381/3572/16732/20779/24110
24111;gr. à Corrigiola littoralis subsp. littoralis de Foucault, 1987;20779;/381/3572/16732/20779/24111
24112;communauté à Rorippa islandica inédit, juillet 1988;20779;/381/3572/16732/20779/24112
24115;Ilysantho attenuatae - Cyperetum micheliani Corill. 1971;16733;/381/3572/16733/24115
24117;Crypsio schoenoidis - Cyperetum micheliani Martinez Parras, Peinado Lorca, Bartolomé Esteban & Molero Mesa 1988;16733;/381/3572/16733/24117
24118;Heliotropio supini - Heleochloetum schoenoidis Rivas Goday 1956;16733;/381/3572/16733/24118
24120;Moehringio trinerviae - Geranietum lucidi Romo 1989;26380;/26380/24120
24121;Moehringio trinerviae - Geranietum robertiani Gillet 1986;26380;/26380/24121
24122;Moehringio trinerviae - Stellarietum mediae Gallandat et al. 1995;26380;/26380/24122
24123;Salicetum pentandrae Roulier 1998;26380;/26380/24123
24124;Vaccinio uliginosi - Juncetum squarrosi Sougnez 1977;26380;/26380/24124
24125;Doronico corsici - Narthecietum reverchoni Gamisans 1977;26380;/26380/24125
24127;Plantagini timbalii - Oenanthetum globulosae Paradis, Lorenzoni-Pietri, Pozzo di Borgo & Sorba ex de Foucault & Paradis in de Foucault & Catteau 2012;16734;/382/3573/8583/16734/24127
24129;gr. à Oenanthe fistulosa subsp. fistulosa, Oenanthe globulosa subsp. globulosa, Carex cuprina Lavagne et Moutte 1977;16734;/382/3573/8583/16734/24129
24130;Eleocharito palustris - Preslietum cervinae Braun-Blanq. ex Moor 1937;16735;/382/3573/8583/16735/24130
24131;Inulo britannicae - Menthetum cervinae de Foucault & Loisel 2012;16735;/382/3573/8583/16735/24131
24133;Helosciadio crassipedis - Ranunculetum ophioglossifolii (Paradis et al. 2008) de Foucault & Paradis 2012;16736;/382/3573/8583/16736/24133
24134;Ranunculo ophioglossifolii - Oenanthetum fistulosae de Foucault 2008;16736;/382/3573/8583/16736/24134
24135;Hydrocotylo vulgaris - Caricetum divisae Vanden Berghen 1965;16736;/382/3573/8583/16736/24135
24137;Ranunculo ophioglossifolii - Caricetum cuprinae Corriol et al. 2009 (nom. inval. art. 2b, 3b, 7);16736;/382/3573/8583/16736/24137
24138;Eleocharito palustris - Scirpetum americani de Foucault 1988 prov.;16736;/382/3573/8583/16736/24138
24139;Gratiolo officinalis - Oenanthetum fistulosae de Foucault in Royer et al. 2006;16737;/382/3573/8584/16737/24139
24141;Hydrocotylo vulgaris - Eleocharitetum palustris Julve 1989;16737;/382/3573/8584/16737/24141
24143;Oenantho lachenalii - Eleocharitetum uniglumis Didier et al. in Royer et al. 2006;16737;/382/3573/8584/16737/24143
24144;Ranunculo repentis - Alopecuretum geniculati Tüxen 1937;16737;/382/3573/8584/16737/24144
24145;Mentho aquaticae - Eleocharitetum palustris Corriol et al. 2009;16737;/382/3573/8584/16737/24145
24148;gr. à Eleocharis palustris - Mentha arvensis de Foucault 1997;16739;/382/3573/8584/16739/24148
24149;Teucrio scordii - Menthetum arvensis J. Duvign. 1986;16739;/382/3573/8584/16739/24149
24150;Trifolio maritimi - Oenanthetum silaifoliae Dupont ex de Foucault 2008;16740;/382/3574/8585/16740/24150
24152;Trifolio maritimi - Caricetum divisae Corriol et al. 2009 nom. inval. (art 2b, 3b, 7);16740;/382/3574/8585/16740/24152
24153;Lino biennis - Festucetum arundinaceae Dubuis & Simonneau ex de Foucault 2012;16740;/382/3574/8585/16740/24153
24154;Dorycnio gracilis - Festucetum arundinaceae (Molin. & Devaux 1978) de Foucault 2012;16740;/382/3574/8585/16740/24154
24155;Junco maritimi - Iridetum spuriae Molin. & Tallon 1969;16740;/382/3574/8585/16740/24155
24156;Cerastio dubii - Juncetum gerardi J. Duvign. 1967;16741;/382/3574/8585/16741/24156
24157;Agropyro repentis - Juncetum gerardi J. Duvign. 1967;16741;/382/3574/8585/16741/24157
24159;Agrostio stoloniferae - Caricetum vikingensis Géhu 1982;16742;/382/3574/8585/16742/24159
24161;ass. à Lotus pedunculatus - Trifolium fragiferum Molinier & Tallon 1970 prov.;16742;/382/3574/8585/16742/24161
24162;Potentillo anserinae - Festucetum arundinaceae Nordh. 1940 ;16742;/382/3574/8585/16742/24162
24165;Trifolietum fragifero - repentis Julve 1989;16742;/382/3574/8585/16742/24165
24166;Potentillo reptantis - Elymetum repentis Julve 1989;16742;/382/3574/8585/16742/24166
24168;Taraxaco bessarabici - Caricetum distantis (Soó 1930) Wendelberger 1943;16743;/382/3574/8585/16743/24168
24169;Cirsio monspessulani - Menthetum longifoliae O. Bolòs & Vives in O. Bolòs 1956;16744;/382/3574/8585/16744/24169
24170;Festuco fenas - Caricetum hirtae O. Bolòs 1962;16744;/382/3574/8585/16744/24170
24172;Cichorio intybi - Festucetum arundinaceae Billy 2000;16744;/382/3574/8585/16744/24172
24173;Potentillo anserinae - Agrostietum stoloniferae Alonso et al. in Rivas-Mart. et al. 2002;16744;/382/3574/8585/16744/24173
24174;gr. à Juncus acutiflorus - Oenanthe pimpinelloides de Foucault 1984;16745;/382/3574/8586/16745/24174
24176;Oenantho peucedanifoliae - Brometum racemosi de Foucault 1981;16745;/382/3574/8586/16745/24176
24177;Senecioni aquatici - Oenanthetum mediae Bournérias & Géhu in Bournérias et al. 1978;16745;/382/3574/8586/16745/24177
24178;Trifolio patentis - Brometum racemosi de Foucault 2008;16745;/382/3574/8586/16745/24178
24179;Oenantho peucedanifoliae - Festucetum arundinaceae Heaulmé in Corriol et al. 2009;16745;/382/3574/8586/16745/24179
24180;Rumici crispi - Festucetum arundinaceae Corriol et al. 2009 nom. inval. (art 2b, 3b, 7);16745;/382/3574/8586/16745/24180
24182;Deschampsio cespitosae - Oenanthetum peucedanifoliae de Foucault 1986;16745;/382/3574/8586/16745/24182
24184;Senecioni aquatici - Brometum racemosi Tüxen & Preising ex Lenski 1953;16745;/382/3574/8586/16745/24184
24185;Achilleo ptarmicae - Brometum racemosi Oberd. 1957;16745;/382/3574/8586/16745/24185
24186;Deschampsio cespitosae - Brometum racemosi Oberd. 1957;16745;/382/3574/8586/16745/24186
24187;Angelico sylvestris - Cirsietum oleracei Tüxen 1937;16745;/382/3574/8586/16745/24187
24188;Oenantho peucedanifoliae - Ranunculetum repentis Longchamp in Royer et al. 2006;16745;/382/3574/8586/16745/24188
24189;Hordeo secalini - Lolietum perennis (Allorge 1922) de Foucault in Royer et al. 2006;16745;/382/3574/8586/16745/24189
24191;Euphorbio esulae - Elytrigietum repentis Didier & Royer in Royer et al. 2006;16745;/382/3574/8586/16745/24191
24193;Chaerophyllo hirsuti - Ranunculetum aconitifolii Oberd. 1952;16746;/382/3574/8586/16746/24193
24194;Polygono bistortae - Cirsietum palustris Bal.-Tul. 1974;16746;/382/3574/8586/16746/24194
24197;Mentho suaveolentis - Festucetum arundinaceae Allorge ex de Foucault 2008;16747;/382/3574/8586/16747/24197
24199;Mentho longifoliae - Juncetum inflexi Lohmeyer ex Oberd. 1957;16747;/382/3574/8586/16747/24199
24200;Achilleo ptarmicae - Juncetum inflexi Mayot 1977;16747;/382/3574/8586/16747/24200
24201;gr. lorrain à Carex hordeistichos Mony & Muller 2005;16747;/382/3574/8586/16747/24201
24203;Hordeo secalini - Festucetum arundinaceae Billy 2000;16747;/382/3574/8586/16747/24203
24204;Rumici crispi - Juncetum inflexi Billy 2000;16747;/382/3574/8586/16747/24204
24205;Carici distantis - Potentilletum reptantis Gamisans 1976;16747;/382/3574/8586/16747/24205
24208;Cirsio arvensis - Alopecuretum pratensis Catteau 2012;16748;/382/3574/8586/16748/24208
24210;Plantagini majoris - Menthetum pulegii de Foucault in Royer et al. 2006;16749;/382/3574/8586/16749/24210
24211;Potentillo anserinae - Alopecuretum geniculati Tüxen 1947;16749;/382/3574/8586/16749/24211
24213;Ranunculo ophioglossifolii - Menthetum pulegii de Foucault 2008;16749;/382/3574/8586/16749/24213
24214;Nasturtio microphylli - Alopecuretum geniculati Sýkora 1982;16749;/382/3574/8586/16749/24214
24216;Junco compressi - Blysmetum compressi Tüxen ex Oberd. 1957;16749;/382/3574/8586/16749/24216
24218;Poo trivialis - Rumicetum obtusifolii Hülbusch 1969;16749;/382/3574/8586/16749/24218
24220;Prunello vulgaris - Potentilletum reptantis Eliás 1978;16749;/382/3574/8586/16749/24220
24221;Junco compressi - Trifolietum repentis Eggler 1933;16749;/382/3574/8586/16749/24221
24223;Prunello vulgaris - Ranunculetum repentis Winterhoff 1962;16749;/382/3574/8586/16749/24223
24224;Plantagini majoris - Trifolietum resupinati de Foucault 2008;16749;/382/3574/8586/16749/24224
24225;Cirsio monspessulani - Holoschoenetum vulgaris Braun-Blanq. ex Tchou 1948;16750;/382/3575/16750/24225
24227;Agrostio maritimae - Achilleetum agerati Braun-Blanq. in Braun-Blanq. et al. 1952;16751;/382/3575/16751/24227
24229;Dorycnio gracilis - Schoenetum nigricantis Braun-Blanq. in Braun-Blanq. et al. 1952;16751;/382/3575/16751/24229
24230;Hieracio pilosellae - Deschampsietum mediae Loisel et al. 1990;16751;/382/3575/16751/24230
24232;Junco compressi - Trifolietum fragiferi Braun-Blanq. et al. 1952;16752;/382/3575/16752/24232
24233;Trifolio fragiferi - Cynodontetum dactyli Braun-Blanq. & O. Bolòs 1958;16752;/382/3575/16752/24233
24235;gr. à Anthemis nobilis Vanden Berghen 1965;16752;/382/3575/16752/24235
24236;Trifolietum nigrescenti - resupinati Molin. & Tallon 1968;16752;/382/3575/16752/24236
24237;gr. à Lotus glaber - Cynodon dactylon Paradis et al. 2002;16752;/382/3575/16752/24237
24238;Paspalo distichi - Agrostietum semiverticillatae Braun-Blanq. 1936;16754;/382/3575/16754/24238
24239;Lonicero alpigenae - Rhamnetum alpinae (Richard & Béguin 1971) de Foucault 2012;16755;/383/3576/16755/24239
24241;Salici appendiculatae - Rhamnetum alpinae (Richard & Béguin 1971) de Foucault 2012;16755;/383/3576/16755/24241
24243;gr. à Salix appendiculata - Rosa pendulina L. Richard 1985;16755;/383/3576/16755/24243
24245;gr. à Laburnum alpinum de Foucault 1989;16755;/383/3576/16755/24245
24246;Lonicero nigrae - Rosetum pendulinae Gallandat et al. ex de Foucault 1999;16755;/383/3576/16755/24246
24247;Cotoneastro integerrimi - Sorbetum chamaemespili Gallandat et al. 1995;16755;/383/3576/16755/24247
24248;Salici appendiculatae - Sorbetum glabratae Gallandat et al. 1995;16755;/383/3576/16755/24248
24249;gr. à Rhamnus alpina - Sorbus mougeotii Choisnet & Mulot 2008;16755;/383/3576/16755/24249
24251;Roso pendulinae - Sorbetum chamaemespili Billy 1997;16755;/383/3576/16755/24251
24253;Salici daphnoidis - Alnetum viridis Roulier 1998 prov.;16756;/383/3576/16756/24253
24254;Alnetum suaveolentis Litard. & Malcuit 1926;16756;/383/3576/16756/24254
24255;Ribeso petraei - Sorbetum aucupariae (Issler 1932) Boeuf & Simler in Boeuf 2012;16757;/383/3576/16757/24255
24256;Veratro albi - Salicetum balsaticae O. Bolòs 1984 corr Rivas-Mart. et al. 2002;16758;/383/3576/16758/24256
24257;Salicetum lapponum Zlatnik 1928;16759;/383/3576/16759/24257
24258;Salicetum caesio - foetidae Braun-Blanq. 1967 corr. Gutermann & Mucina in Karner & Mucina 1993;16759;/383/3576/16759/24258
24259;Salicetum helveticae Braun-Blanq., Pallmann & Bach 1954;16759;/383/3576/16759/24259
24260;Salicetum auritae x bicoloris (Issler 1925) Boeuf & Simler in Boeuf 1911;16759;/383/3576/16759/24260
24261;Parietarietum lusitanicae Sutter 1973 nom. inval. (art. 3b) ;16760;/384/3577/16760/24261
24263;Anogrammo leptophyllae - Parietarietum lusitanicae Rivas-Mart. & Ladero in Rivas-Mart. 1978;16761;/384/3577/16761/24263
24265;Geranio lucidi - Cardaminetum graecae Biondi et al. 2004;16763;/384/3577/16763/24265
24266;Geranietum lucido - columbini de Foucault 1989 ;16764;/384/3578/16764/24266
24268;Valerianello carinatae - Calepinetum irregularis de Foucault 2008;16764;/384/3578/16764/24268
24269;Geranio lucidi - Sedetum cepaeae Oberd. 1954;16764;/384/3578/16764/24269
24270;Geranio lucidi - Cardaminetum hirsutae de Foucault & Frileux 1983;16764;/384/3578/16764/24270
24272;Geranio purpurei - Anthriscetum caucalidis Bioret et al. 1993;16764;/384/3578/16764/24272
24275;gr. à Senecio lividus - Myosotis balbisiana de Foucault 2009;16764;/384/3578/16764/24275
24276;Drabo muralis - Myosotidetum pusillae de Foucault 2009;16764;/384/3578/16764/24276
24279;Fumario boraei - Anthriscetum caucalidis Izco et al. 1978;16765;/384/3578/16765/24279
24280;Ranunculo parviflori - Geranietum mollis Provost ex de Foucault 2009;16765;/384/3578/16765/24280
24281;Cochleario danicae - Claytonietum perfoliatae Géhu 2008;16765;/384/3578/16765/24281
24283;Parietario judaicae - Fumarietum capreolatae Géhu 2006;16765;/384/3578/16765/24283
24287;Nitelletum hyalinae Corill. 1949;16766;/385/3579/16766/24287
24290;Charetum fragiferae Corill. 1949;16766;/385/3579/16766/24290
24292;Nitellopsio obtusae - Nitelletum mucronatae (Tomaszewicz 1979) Felzines & Lambert 2012;16767;/385/3579/16767/24292
24293;Nitelletum batrachospermae Corill. 1957;16767;/385/3579/16767/24293
24296;Tolypelletum glomeratae Corill. 1957;16768;/385/3580/16768/24296
24299;Charetum imperfectae Cirujano 1995;16768;/385/3580/16768/24299
24301;Charetum curtae Heuff 2012;16769;/385/3580/16769/24301
24303;Charetum rudis Dambska 1966;16769;/385/3580/16769/24303
24306;Charetum polyacanthae Dambska ex Gabka & Pelechaty 2003;16769;/385/3580/16769/24306
24309;Charetum intermediae Melzer ex W. Krause & Lang in Oberd. 1977;16769;/385/3580/16769/24309
24312;Charetum contrariae Corill. 1957;16769;/385/3580/16769/24312
24314;Tolypelletum hispanicae Corill. 1957;16770;/385/3581/16770/24314
24319;Charetum balticae Korna? 1959;16770;/385/3581/16770/24319
24321;Erico scopariae - Lavanduletum stoechadis Braun-Blanq. ex Braun-Blanq., Molin. & Wagner 1940;16771;/386/3582/16771/24321
24323;Cistetum crispi Loisel 1971;16771;/386/3582/16771/24323
24324;Calicotomo spinosae - Cistetum ladaniferi Loisel 1971;16771;/386/3582/16771/24324
24325;Helichryso stoechadis - Cistetum albidi Loisel 1971;16771;/386/3582/16771/24325
24326;gr. à Thymelaea hirsuta - Lavandula stoechas subsp. stoechas de Foucault & Julve 1991;16771;/386/3582/16771/24326
24327;Genisto pilosae - Lavanduletum stoechadis Julve 1993;16771;/386/3582/16771/24327
24328;gr. à Genista pilosa subsp. jordani, Lavandula stoechas subsp. stoechas et Calluna vulgaris Quézel & Barbero 1988;16772;/386/3582/16772/24328
24329;Stachydo glutinosae - Genistetum corsicae Gamisans & Muracciole 1984;16773;/386/3582/16773/24329
24331;Cisto salviifolii - Halimietum halimifolii Géhu & Biondi 1994;16773;/386/3582/16773/24331
24333;Lavandulo stoechadis - Cistetum salviifolii Paradis et al. 2006;16773;/386/3582/16773/24333
24334;Helichryso angustifolii - Cistetum villosi Allier & Lacoste 1980;16773;/386/3582/16773/24334
24335;Pteridio aquilini - Oenanthetum crocatae de Foucault 2011;16774;/388/3583/16774/24335
24336;Junco acutiflori - Angelicetum sylvestris Botineau et al. 1985;16774;/388/3583/16774/24336
24338;Athyrio filicis-feminae - Scirpetum sylvatici de Foucault 1997;16774;/388/3583/16774/24338
24339;Achilleo ptarmicae - Filipenduletum ulmariae Passarge (1971) 1975;16774;/388/3583/16774/24339
24340;Junco effusi - Lotetum uliginosi Passarge 1988;16774;/388/3583/16774/24340
24342;Valeriano repentis - Cirsietum oleracei (Chouard 1926) de Foucault 2011;16775;/388/3583/16775/24342
24343;Euphorbio villosae - Filipenduletum ulmariae de Foucault 2008;16775;/388/3583/16775/24343
24344;gr. à Thalictrum flavum - Achillea ptarmica Royer & Misset prov. in Royer et al. 2006;16775;/388/3583/16775/24344
24345;Aconito napelli - Eupatorietum cannabini Royer et al. 1990;16775;/388/3583/16775/24345
24346;Symphyto officinalis - Scrophularietum auriculatae Julve 1994;16775;/388/3583/16775/24346
24347;gr. à Sonchus palustris de Foucault et al. 1992;16775;/388/3583/16775/24347
24349;Thalictro flavi - Althaeetum officinalis (Molin. & Tallon 1950) de Foucault in Royer et al. 2006;16775;/388/3583/16775/24349
24350;Valeriano officinalis - Filipenduletum ulmariae G. Sissingh ex Westhoff 1949;16775;/388/3583/16775/24350
24352;Ligulario sibiricae - Polygonetum bistortae Julve 1983 nom. ined. et inval. ;16776;/388/3583/16776/24352
24353;gr. à Scirpus sylvaticus - Angelica sylvestris Billy 2007;16776;/388/3583/16776/24353
24355;Polygono bistortae - Scirpetum sylvatici Schwick. 1944 ex Oberd. 1957;16776;/388/3583/16776/24355
24356;Geranio sylvatici - Chaerophylletum hirsuti Niemann et al. 1973;16776;/388/3583/16776/24356
24358;Chaerophyllo hirsuti - Valerianetum pyrenaicae Vigo & Carreras in Carreras & Vigo 1984;16776;/388/3583/16776/24358
24359;Filipendulo ulmariae - Geranietum palustris Koch 1926;16776;/388/3583/16776/24359
24360;Epilobio hirsuti - Filipenduletum ulmariae Niemann et al. 1973 prov., non Sougnez 1957;16776;/388/3583/16776/24360
24362;Aconito napelli - Filipenduletum ulmariae Guin. ex Gallandat 1982;16776;/388/3583/16776/24362
24363;Aconito napelli - Chaerophylletum cicutariae Gallandat 1982;16776;/388/3583/16776/24363
24364;Cirsio cretici - Dorycnietum recti (Brullo & Ronsisvalle 1975) Géhu & Biondi 1988;16778;/388/3583/16778/24364
24365;Senecioni doriae - Cirsietum monspessulani de Foucault 2011;16778;/388/3583/16778/24365
24366;Knautio integrifoliae - Oenanthetum crocatae de Foucault 2011;16778;/388/3583/16778/24366
24367;Eupatorio cannabini - Convolvuletum sepium Görs 1974;16779;/388/3584/16779/24367
24368;Eupatorietum cannabini Tüxen 1937;16779;/388/3584/16779/24368
24370;Calystegio sepium - Phragmitetum australis Royer, Thévenin & Didier in Royer et al. 2006;16779;/388/3584/16779/24370
24371;Oenantho crocatae - Angelicetum archangelicae Frileux & Géhu ex Géhu in Géhu & Géhu-Franck 1984;16779;/388/3584/16779/24371
24373;Irido pseudacori - Oenanthetum crocatae Seytre 2011;16779;/388/3584/16779/24373
24375;Epilobio hirsuti - Convolvuletum sepium Hilbig et al. 1972;16779;/388/3584/16779/24375
24376;Solano dulcamarae - Calystegietum sepium Roulier 1998;16779;/388/3584/16779/24376
24377;Symphyto officinalis - Cirsietum oleracei Géhu 2006;16779;/388/3584/16779/24377
24378;Urtico dioicae - Phalaridetum arundinaceae Schmidt 1981;16779;/388/3584/16779/24378
24380;Picrido hieracioidis - Eupatorietum cannabini Loidi & Navarro 1988;16779;/388/3584/16779/24380
24383;Fallopio dumetorum - Cucubaletum bacciferi Passarge (1955) 1976;16779;/388/3584/16779/24383
24384;Cuscuto europaeae - Convolvuletum sepium Tüxen 1947 emend. Kopecký 1969;16779;/388/3584/16779/24384
24385;Cuscuto europaeae - Humuletum lupuli sensu Passarge 1993;16779;/388/3584/16779/24385
24386;Phalarido arundinaceae - Petasitetum hybridi Schwick. 1933;16779;/388/3584/16779/24386
24389;Impatienti glanduliferae - Solidaginetum serotinae Moor 1958;16779;/388/3584/16779/24389
24390;Convolvulo sepium - Angelicetum heterocarpae Géhu & Géhu-Franck 1978;16780;/388/3584/16780/24390
24391;Cochleario aestuariae - Oenanthetum crocatae Bioret et al. 1995;16780;/388/3584/16780/24391
24393;Althaeo officinalis - Calystegietum sepium Beeftink 1965;16780;/388/3584/16780/24393
24395;Arundini donacis - Convolvuletum sepium O. Bolòs 1962;16781;/388/3584/16781/24395
24396;Isoëtetum setaceae Braun-Blanq. (1931) 1936;16782;/389/3585/16782/24396
24398;Apietum crassipedis Paradis & Pozzo di Borgo 2005;16782;/389/3585/16782/24398
24400;gr. à Isoëtes velata Paradis et al., 2009;16782;/389/3585/16782/24400
24401;Isoëtetum duriaei Braun-Blanq. (1931) 1936;16783;/378/3567/16721/24042/16783/24401
24402;Spirantho aestivalis - Anagallidetum tenellae G. Aubert & R.I. Loisel 1971;16783;/378/3567/16721/24042/16783/24402
24405;Echinochloo cruris-galli - Crypsietum schoenoidis Paradis & Lorenzoni 1994;16733;/381/3572/16733/24405
24406;Junco hybridi - Lythretum tribracteati Terrisse 1996;16784;/381/3572/16784/24406
24408;gr. à Teucrium aristatum - Lythrum tribracteatum Loisel, 1976;16785;/381/3572/16785/24408
24410;gr. à Ranunculus lateriflorus - Sisymbrella aspera subsp. aspera Seytre, 2006;16785;/381/3572/16785/24410
24411;Myosuro minimi - Bulliardetum vaillantii Braun-Blanq. 1936;16786;/381/3586/16786/24411
24413;Junco pygmaei - Lythretum borysthenici (Braun-Blanq. 1936) de Foucault 2013;16786;/381/3586/16786/24413
24416;Peplido erectae - Ranunculetum revelieri Barbero 1965;16786;/381/3586/16786/24416
24418;gr. à Lythrum borysthenicum - Lotus angustissimus subsp. hispidus Lorenzoni & Paradis, 2000;16786;/381/3586/16786/24418
24419;gr. à Montia fontana subsp.  chondrosperma - Ranunculus nodiflorus Seytre, 2006;16786;/381/3586/16786/24419
24420;gr. à Ranunculus nodiflorus - Lythrum portula Gamisans, 1976;16786;/381/3586/16786/24420
24421;gr. à Agrostis pourretii - Elatine brochonii Lorenzoni & Paradis, 1997;16787;/381/3586/16787/24421
24422;Bellido annuae - Cicendietum filiformis de Foucault ex Paradis & Pozzo di Borgo 2005;16788;/381/3586/16788/24422
24423;Junco pygmaei - Ranunculetum revelieri Paradis & Pozzo di Borgo 2005;16788;/381/3586/16788/24423
24424;Solenopsio laurentiae - Lythretum borysthenici Paradis & Pozzo di Borgo 2005;16788;/381/3586/16788/24424
24425;gr. à Centaurium spicatum - Crypsis aculeata Barbero, 1965;16788;/381/3586/16788/24425
24427;Amarantho deflexi - Polygonetum avicularis Sissingh 1969;16789;/374/3560/16789/24427
24428;Eleusinetum indicae Pignatti 1953;16789;/374/3560/16789/24428
24429;Eragrostio minoris - Polygonetum arenastri Oberd. 1954 corr. Mucina in Mucina et al. 1993;16789;/374/3560/16789/24429
24431;Trifolio suffocati - Plantaginetum coronopodis de Foucault 2010;16790;/374/3560/16790/24431
24433;Sagino maritimae - Catapodietum marini Tüxen in Tüxen & Westhoff 1963;16791;/390/3587/16791/24433
24435;Soncho oleracei - Cochlearietum danicae Géhu & de Foucault ex de Foucault & Bioret 2010;16791;/390/3587/16791/24435
24436;Desmazerio marinae - Brometum ferronii Bioret 1994;16791;/390/3587/16791/24436
24438;Bromo ferronii - Trifolietum arvensis Géhu 2008;16791;/390/3587/16791/24438
24440;Senecioni leucanthemifolii - Nanantheetum perpusillae Gamisans ex Biondi, Filigheddu & Farris 2001;16791;/390/3587/16791/24440
24441;gr. à Silene sericea - Catapodium marinum Géhu & Biondi 1994;16791;/390/3587/16791/24441
24442;Parapholido strigosae - Saginetum maritimae Géhu 1976;16791;/390/3587/16791/24442
24444;Sagino maritimae - Spergularietum marinae Bioret 2006;16791;/390/3587/16791/24444
24445;Sagino maritimae - Limonietum echioidis Géhu, Biondi, Géhu-Franck & Costa 1992 nom. inval.;16791;/390/3587/16791/24445
24446;gr. à Myosurus minimus - Bupleurum tenuissimum Duvigneaud 1967;16791;/390/3587/16791/24446
24447;gr. à Catapodium loliaceum et Silene sedoides Géhu et al. 1992 nom. inval.;16792;/390/3587/16792/24447
24448;Spergularietum marinae Molin. & Tallon 1970;16793;/390/3588/16793/24448
24449;Spergularietum heldreichii Molin. & Tallon 1970;16793;/390/3588/16793/24449
24451;Junco bufonii - Chenopodietum chenopodioidis Géhu & Géhu-Franck 1984;16793;/390/3588/16793/24451
24453;Centaurio acutiflori - Hordeetum gussoneani Gamisans 1990;16794;/390/3588/16794/24453
24454;Isolepido cernuae - Saginetum maritimae Bartolo et al. 1992;16795;/390/3588/16795/24454
24456;Echio lycopsis - Galactitetum tomentosae Molin. 1937;16797;/392/3590/16797/24456
24457;Alyssetum corsici Molin. 1959 in Julve 1993;16797;/392/3590/16797/24457
24458;Trifolio cherleri - Taeniatheretum capitis-medusae Rivas-Mart. & Izco 1977;16798;/392/3590/16798/24458
24461;Carduo tenuiflori - Onopordetum illyrici (Molin. & Tallon 1950) de Foucault 2012;16799;/392/3590/16799/24461
24462;Asphodelo fistulosi - Hordeetum leporinum A. & O. Bolòs 1950 prov. in A. Bolòs 1950;16799;/392/3590/16799/24462
24464;Laguro ovati - Vulpietum membranaceae Géhu & Géhu-Franck 1985;16800;/392/3590/16800/24464
24466;Laguro ovati - Brometum rigidi Géhu & Géhu-Franck 1985;16800;/392/3590/16800/24466
24468;Laguro ovati - Avenetum barbatae Géhu 2008;16800;/392/3590/16800/24468
26401;Sorbo aucupariae - Franguletum alni Julve & Gillet ex de Foucault 1994;26398;/26383/26388/26398/26401
26403;Rubetum nessensi - integribasis J.-M. Royer & Ferrez 2012;26398;/26383/26388/26398/26403
26414;Asplenio billotii - Cymbalarietum muralis  Géhu 2005 ;26390;/26381/26384/26390/26414
26416;Euphorbio portlandicae - Matthioletum incanae  Géhu 2005 ;26391;/26381/26384/26391/26416
26418;Spergulario rupicolae - Parietarietum judaicae  Géhu 2005 ;26391;/26381/26384/26391/26418
26420;Crithmo maritimi - Centranthetum rubri  Géhu 2005 ;26391;/26381/26384/26391/26420
26422;Adianto capilli-veneris - Parietarietum judaicae  Segal 1969 ;26392;/26381/26384/26392/26422
26425;Parietario judaicae - Chelidonietum majoris  O. Bolòs & Masalles 2014;26392;/26381/26384/26392/26425
26427;Corydalidetum luteae Kaiser 1926 ;26392;/26381/26384/26392/26427
26429;Linario cymbalariae - Parietarietum ramiflorae  Pignatti 1952 ;26392;/26381/26384/26392/26429
26433;Salicetum retuso - reticulatae Braun-Blanq. in Braun-Blanq. & H. Jenny 1926;26393;/26382/26385/26393/26433
26435;Veronico nummulariae - Ranunculetum alpestris Corriol 2014;26393;/26382/26385/26393/26435
23899;Centaurio pulchelli - Filaginetum pyramidatae J.-M. Royer in L-M. Royer, Felzines, Misset & Thévenin 2006;16694;/381/3586/16694/23899
23901;Lemnetum minoris So? 1927;16695;/375/3561/16695/23901
23903;Lemno minusculae - Azolletum filiculoidis Felzines & Loiseau 1991;16695;/375/3561/16695/23903
23905;Wolffietum arrhizae Miyawaki & J. Tüxen 1960;16695;/375/3561/16695/23905
23906;Lemnetum gibbae Miyawaki & J. Tüxen 1960;16695;/375/3561/16695/23906
23908;Lemnetum trisulcae Hartog 1963;20773;/375/3561/16696/20773/23908
23910;Riccietum fluitantis Slavni? 1956;20773;/375/3561/16696/20773/23910
23912;Lemno trisulcae - Utricularietum vulgaris So? 1947;20775;/375/3562/16697/20775/23912
23914;Spirodelo - Aldrovandetum vesiculosae Borhidi & Járai-Komlódi 1959;20775;/375/3562/16697/20775/23914
23915;Stratiotetum aloidis Miljan 1933;20776;/375/3562/16697/20776/23915
23917;Potamo - Ceratophylletum submersi Pop 1962;20777;/375/3562/16697/20777/23917
23918;Ceratophylletum demersi Corillion 1957;20777;/375/3562/16697/20777/23918
23925;Eleocharito palustris - Littorelletum uniflorae (Gadeceau 1909) Chouard 1924;16699;/376/3563/16699/23925
26436;Salici herbaceae - Ranunculetum alpestris Chouard 1943;26393;/26382/26385/26393/26436
23930;Littorello uniflorae - Eleocharitetum acicularis Jouanne 1926;16699;/376/3563/16699/23930
23932;Pilularietum globuliferae Tüxen ex T. Müll. & Görs 1960;16699;/376/3563/16699/23932
23935;Samolo valerandi - Baldellietum ranunculoidis (Müll.-Stoll & Götz 1962) Passarge 1999;16700;/376/3563/16700/23935
23938;Eleocharitetum acicularis Koch ex Almquist 1929;16702;/376/3564/16702/23938
23941;Deschampsietum rhenanae Oberd. ex Dierssen 1975;16702;/376/3564/16702/23941
23943;Isoeto creussensis - Sparganietum angustifolii Lazare & Riba 2010;16703;/376/3564/16703/23943
23945;Isoetetum echinosporae Koch ex Dierssen 1975;16703;/376/3564/16703/23945
23947;Lythro portulae - Eleocharitetum acicularis Gamisans 1976;16704;/376/3564/16704/23947
23950;Pediculari foliosae - Trollietum europaei  Carbiener 1966;16705;/377/3565/16705/23950
23952;Senecioni doronici - Calamagrostietum arundinaceae (Luquet 1926) Carbiener 1969;16705;/377/3565/16705/23952
23957;Aconito neapolitani - Imperatorietum ostruthii Braun-Blanq. 1948 corr. de Foucault & Corriol 2013;16706;/377/3565/16706/23957
23960;Cirsio rufescentis - Aconitetum pyrenaici Villar & Benito 2003;16706;/377/3565/16706/23960
23964;Myrrhido odoratae - Valerianetum pyrenaicae (Rivas-Mart., T.E. Díaz, F. Prieto, Loidi & Penas 1984) Carrillo & Ninot 1992;16706;/377/3565/16706/23964
23928;Potamo polygonifolii - Scirpetum fluitantis Allorge 1922;16699;/376/3563/16699/23928
24397;Eryngio barrelieri - Isoëtetum velatae (Pottier-Alapetite 1952) de Foucault 1988;16782;/389/3585/16782/24397
24399;Carici erythrostachyos - Helosciadietum crassipedis de Foucault, Paradis & Pozzo di Borgo 2013;16782;/389/3585/16782/24399
24403;Serapiado linguae - Oenanthetum lachenalii Barbero 1967;16783;/378/3567/16721/24042/16783/24403
24404;Sedo rupestris - Isoëtetum duriei (Nozerau & Roux 1958) de Foucault 2013;16783;/378/3567/16721/24042/16783/24404
24407;Elatinetum macropodae Braun-Blanq. 1936;16785;/381/3572/16785/24407
24409;Lythro portulae - Damasonietum alismatis de Foucault 1988;16785;/381/3572/16785/24409
24412;Bellido annuae - Lythretum borysthenici (Poirion & Barbero 1966) de Foucault 2013;16786;/381/3586/16786/24412
24415;lsoëto velatae - Bulliardetum vaillantii Poirion & Barbero 1965;16786;/381/3586/16786/24415
24417;Antinorio insularis - Lythretum borysthenici de Foucault, Paradis, Lorenzoni-Pietri, Pozzo di Borgo & Sorba 2013;16786;/381/3586/16786/24417
24426;Agrostio pourretii - Juncetum capitati (Barbero 1965) de Foucault 2013;16788;/381/3586/16788/24426
24430;Crassulo tillaeae - Saginetum apetalae Rivas-Mart. 1975;16790;/374/3560/16790/24430
24432;Sagino maritimae - Cochlearietum danicae Tüxen 1957;16791;/390/3587/16791/24432
24434;Catapodio marini - Parapholidetum incurvae Géhu & de Foucault 1978;16791;/390/3587/16791/24434
23967;Imperatorio ostruthii - Adenostyletum alliariae de Foucault & Corriol 2013;16707;/377/3565/16707/23967
23970;Epilobio trigoni - Adenostyletum alliariae Carbiener 1966;16707;/377/3565/16707/23970
23973;Cicerbito alpinae - Adenostyletum alliariae (Beger 1922) Braun-Blanq. 1950;16707;/377/3565/16707/23973
23976;Myrrhido odoratae - Adenostyletum alliariae Braun-Blanq. 1969;16707;/377/3565/16707/23976
23978;Senecioni balbisiani - Peucedanetum ostruthii Quézel 1950;16707;/377/3565/16707/23978
23979;Peucedano ostruthii - Cirsietum spinosissimi G. & J. Braun-Blanq. 1931;16707;/377/3565/16707/23979
23983;Pediculari foliosae - Geranietum sylvatici Michalet & Philippe 1994;16708;/377/3565/16708/23983
23850;Sphagnetum magellanici M. Kästner & Flössner 1933;20769;/380/3558/16687/20769/23850
23851;Vaccinio microcarpi - Sphagnetum fusci Thébaud & Pétel 2008;20769;/380/3558/16687/20769/23851
20781;Erico scopariae - Sarothamnetum scoparii Géhu ex Géhu & Géhu-Franck 1975;8587;/387/944/8587/20781
20783;Pyro cordatae - Cytisetum scoparii B. Foucault 1988;8587;/387/944/8587/20783
20785;Narcisso capacis - Cytisetum scoparii Bioret 2008;8587;/387/944/8587/20785
20787;Senecioni adonidifolii - Cytisetum oromediterranei (Rivas-Mart. 1968) Rivas-Mart. & Cantó in Rivas-Mart., T.E. Díaz, Fern. Gonz., Izco, Loidi, Lousã & Penas 2002;8588;/387/944/8588/20787
24437;Catapodio marini - Trifolietum scabri Géhu & de Foucault 1978;16791;/390/3587/16791/24437
24439;Catapodio marini - Evacetum rotundatae Géhu et al. 1989;16791;/390/3587/16791/24439
24443;Hymenolobo procumbentis - Saginetum maritimae Géhu et de Foucault ex de Foucault & Bioret 2010;16791;/390/3587/16791/24443
24450;Parapholido strigosae - Hordeetum marini Géhu, Caron & Bon ex Géhu & de Foucault 1978;16793;/390/3588/16793/24450
24452;Polypogonetum subspathacei Gamisans 1990;16794;/390/3588/16794/24452
24455;Simethido mattiazzii - Serapiadetum linguae de Foucault, Paradis & Pozzo di Borgo 2012;16796;/391/3589/16796/24455
24460;Bromo tectorum - Stipetum capensis Rivas-Mart. & Izco 1977;16798;/392/3590/16798/24460
24463;Hordeetum leporinum Braun-Blanq. 1936;16799;/392/3590/16799/24463
24465;Laguro ovati - Vulpietum fasciculatae Géhu & Géhu-Franck 1985;16800;/392/3590/16800/24465
24467;Laguro ovati - Hordeetum leporinum Géhu & Géhu-Franck 1985;16800;/392/3590/16800/24467
26432;Cymbalarietum muralis Görs ex Oberd. 1977;26392;/26381/26384/26392/26432
26459;Frangulo alni - Pyretum cordatae  Herrera, Fern. Prieto & Loidi 1991;26397;/26383/26388/26397/26459
20790;Pino uncinatae - Cytisetum oromediterranei B. Foucault, Lazare & Bioret 2014;8588;/387/944/8588/20790
20794;Pteridio aquilini - Cytisetum scoparii Susplugas 1942;8589;/387/944/8589/20794
20796;Calluno vulgaris - Sarothamnetum scoparii Malcuit 1929;8589;/387/944/8589/20796
24477;Chenopodio muralis - Atriplicetum hastatae Braun-Blanq. & De Leeuw 1936;16801;/392/3591/16801/24477
24480;Malvetum parvifloro - nicaeensis Braun-Blanq. & Maire 1924;16802;/392/3591/16802/24480
24484;Sisymbrietum loeselii Gutte 1972;16804;/392/3592/16804/24484
24486;Sisymbrio austriaci - Asperuginetum procumbentis Braun- Blanq. ex Rebholz 1931;16804;/392/3592/16804/24486
24493;Geranio mollis - Hordeetum murinum Géhu 2008;16806;/392/3592/16806/24493
24495;Hordeetum murinum Allorge 1922;16806;/392/3592/16806/24495
24497;Chenopodietum botryos G. Phil. ex Sukopp 1973;16807;/392/3592/16807/24497
23989;Simethido planifoliae - Pseudarrhenatheretum longifolii de Foucault 1986;16711;/378/3566/16711/23989
23992;Carici binervis - Agrostietum curtisii de Foucault & Géhu ex de Foucault 2012;16711;/378/3566/16711/23992
23996;Galio hercynici - Festucetum tenuifoliae Rasch ex Stieperaere 1969;16712;/378/3566/16712/23996
24001;Galio saxatilis - Festucetum rubrae Oberd. 1957;16714;/378/3566/16714/24001
24003;Festuco rubrae - Genistetum sagittalis Issler 1927 emend. Oberd. 1957;16714;/378/3566/16714/24003
24006;Omalotheco sylvaticae - Nardetum strictae Gillet in Ferrez et al. 2001;16714;/378/3566/16714/24006
24008;Polygalo vulgaris - Alchemilletum xanthochlorae Misset 2005;16714;/378/3566/16714/24008
24010;Thymo pulegioidis - Festucetum rubrae Oberd. & Görs in Görs 1968;16714;/378/3566/16714/24010
24012;Carici trinervis - Nardetum strictae de Foucault et al. 1978;16715;/378/3566/16715/24012
24016;Carici binervis - Nardetum strictae (Pethybridge & Praeger 1905) Braun-Blanq. & Tüxen 1952;16717;/378/3566/16717/24016
24018;Nardo strictae - Juncetum squarrosi Büker ex P. Duvign. 1949;16717;/378/3566/16717/24018
24026;Trifolio alpini - Nardetum strictae Thébaud 2006;16718;/378/3567/16718/24026
24033;Campanulo rotundifoliae - Nardetum strictae Béguin in Theurillat & Béguin 1985;16719;/378/3567/16719/24033
24035;Dactylorhizo latifoliae - Nardetum strictae Ritter & de Foucault 2012;16719;/378/3567/16719/24035
24038;Potentillo aureae - Nardetum strictae Braun-Blanq. 1950 emend. Rivas-Mart. & Géhu 1978;16720;/378/3567/16720/24038
24041;Alchemillo flabellatae - Nardetum strictae Gruber 1975;16721;/378/3567/16721/24041
24044;Festuco microphyllae - Nardetum strictae Tüxen & Oberd. 1958;16721;/378/3567/16721/24044
24046;Trifolio alpini - Selinetum pyrenaei Nègre 1969;16721;/378/3567/16721/24046
24048;Festuco scabriculmis - Potentilletum valderiae Guin. 1938 emend. Lacoste 1975;16722;/378/3567/16722/24048
24050;Ranunculo pyrenaei - Alopecuretum gerardi Lippmaa ex Guin. 1938;16722;/378/3567/16722/24050
24052;Phyteumato michelii - Poetum violaceae Barbero 1970;16722;/378/3567/16722/24052
24058;Centaureo uniflorae - Festucetum spadiceae Lippmaa 1933;16723;/378/3567/16723/24058
24061;Campanulo ficarioidis - Festucetum eskiae Braun-Blanq. 1948 corr. Gruber 1975;16724;/378/3567/16724/24061
24063;Trifolio alpini - Festucetum eskiae Nègre 1974;16724;/378/3567/16724/24063
24065;Scorzonero aristatae - Festucetum paniculatae Nègre, Dendaletche &Villar 1975;16724;/378/3567/16724/24065
24067;Galeopsio pyrenaicae - Festucetum eskiae Nègre 1974;16724;/378/3567/16724/24067
24068;Ranunculo pyrenaei - Festucetum eskiae Nègre 1969;16724;/378/3567/16724/24068
24073;Sagino piliferae - Caricetum caryophylleae Gamisans 1977;16725;/378/3568/16725/24073
24076;Acini corsici - Tanacetetum tomentosi Litard. & Malcuit ex Gamisans 1977;16726;/378/3568/16726/24076
24079;Polygono alpini - Luzuletum sieberi Gamisans 1977;16727;/378/3568/16727/24079
24080;Huperzio selaginis - Caricetum ornithopodae Gamisans 1977;16727;/378/3568/16727/24080
24088;Vinco majoris - Viticetum agni-casti O. Bolòs 1956;16729;/379/3570/16729/24088
24093;Erico tetralicis - Sphagnetum rubelli (Allorge 1926) Lemée ex Thébaud 2012;16730;/380/3571/16730/24093
24095;Narthecio ossifragi - Sphagnetum auriculati Lieurade & Thomassin in Thébaud 2012;16730;/380/3571/16730/24095
24098;Ophioglosso azorici - Isoëtetum histricis de Foucault 1988;16783;/378/3567/16721/24042/16783/24098
24102;Eleocharito ovatae - Caricetum bohemicae Klika 1935;20778;/381/3572/16732/20778/24102
24104;Cypero fusci - Limoselletum aquaticae Oberd. ex Korneck 1960;20778;/381/3572/16732/20778/24104
24107;Ludwigio palustris - Lindernietum procumbentis Felzines, Loiseau & Portal 2002;20778;/381/3572/16732/20778/24107
24109;Cypero fusci - Ammannietum coccineae O. Bolòs & Masclans 1955;20779;/381/3572/16732/20779/24109
24113;Callitricho stagnalis - Polygonetum hydropiperis de Foucault 1989;20779;/381/3572/16732/20779/24113
24116;Heleochloo schoenoidis - Fimbristylidetum bisumbellatae Braun-Blanq. ex Braun-Blanq. & Rivas Goday in Rivas Goday 1955 corr. Brullo & Minissale 1998;16733;/381/3572/16733/24116
24119;Alliario petiolatae - Cynoglossetum germanici Géhu et al. ex T. Müll. in Oberd. 1983;26380;/26380/24119
24132;Loto preslii - Oenanthetum fistulosae (Donker & Stevelink 1962) de Foucault 2012;16736;/382/3573/8583/16736/24132
24136;Junco gerardi - Oenanthetum fistulosae de Foucault 2012;16736;/382/3573/8583/16736/24136
24140;Eleocharito palustris - Oenanthetum fistulosae de Foucault 2008;16737;/382/3573/8584/16737/24140
24142;Oenantho fistulosae - Caricetum vulpinae Trivaudey 1989;16737;/382/3573/8584/16737/24142
24146;Cnidio dubii - Violetum pumilae Korneck ex Bal.-Tul. 1969;16738;/382/3573/8584/16738/24146
24147;Glycerio fluitantis - Menthetum arvensis de Foucault 1986;16739;/382/3573/8584/16739/24147
24151;Carici divisae - Lolietum perennis de Foucault 2008;16740;/382/3574/8585/16740/24151
24158;Festuco arundinaceae - Caricetum distantis J. Duvign. 1967;16741;/382/3574/8585/16741/24158
24160;Samolo valerandi - Caricetum vikingensis Géhu 1982;16742;/382/3574/8585/16742/24160
24164;Apio graveolentis - Rumicetum rupestris (Géhu & Géhu-Franck 1969) Bioret & Géhu 2002;16742;/382/3574/8585/16742/24164
24167;Rhinantho grandiflori - Holcetum lanati Julve 1989;16742;/382/3574/8585/16742/24167
24171;Potentillo reptantis - Menthetum suaveolentis Oberd. (1952) 1957 corr. 1983;16744;/382/3574/8585/16744/24171
24175;Ophioglosso vulgati - Oenanthetum pimpinelloidis Hofstra 1995;16745;/382/3574/8586/16745/24175
24181;Junco acutiflori - Brometum racemosi de Foucault 1994;16745;/382/3574/8586/16745/24181
24183;Colchico autumnalis - Brometum racemosi (J. Duvign. 1958) Sougnez in Sougnez & Limbourg 1963;16745;/382/3574/8586/16745/24183
24190;Silao silai - Festucetum pratensis Misset in Royer et al. 2006;16745;/382/3574/8586/16745/24190
24196;Pulicario dysentericae - Juncetum inflexi de Foucault in Royer et al. 2006;16747;/382/3574/8586/16747/24196
24198;Carici flaccae - Juncetum inflexi Misset in Royer et al. 200;16747;/382/3574/8586/16747/24198
24202;Gaudinio fragilis - Agrostietum stoloniferae de Foucault, Frileux & Delpech 2012;16747;/382/3574/8586/16747/24202
24206;Cirsio palustris - Juncetum effusi Gallandat 1982;16748;/382/3574/8586/16748/24206
24207;Junco acutiflori - Cynosuretum cristati Sougnez 1957;16748;/382/3574/8586/16748/24207
24209;Loto pedunculati - Cynosuretum cristati (Tüxen 1937) de Foucault & Julve 2012;16748;/382/3574/8586/16748/24209
24212;Rorippo sylvestris - Agrostietum stoloniferae Oberd. & Th. Müll. in Th. Müll. 1961;16749;/382/3574/8586/16749/24212
24215;Triglochino palustris - Agrostietum stoloniferae Konczac 1968;16749;/382/3574/8586/16749/24215
26447;Salicetum herbaceae Braun-Blanq. in Braun-Blanq. & H. Jenny 1926;26394;/26382/26386/26394/26447
24217;Caricetum hirto - distichae Didier & Royer in Royer et al. 2006;16749;/382/3574/8586/16749/24217
24219;Carici flaccae - Agrostietum albae Béguin 1970;16749;/382/3574/8586/16749/24219
24226;Fuirenetum pubescentis Paradis 2009;16750;/382/3575/16750/24226
24228;Prunello hyssopifoliae - Deschampsietum mediae Braun-Blanq. 1924;16751;/382/3575/16751/24228
24231;Hyperico tomentosi - Deschampsietum mediae (Molin. & Tallon 1950) Loisel et al. 1990;16751;/382/3575/16751/24231
24234;Teucrio scordioidis - Agrostietum stoloniferae de Foucault & Provost 2012;16752;/382/3575/16752/24234
24240;Sorbo mougeotii - Laburnetum alpini Géhu & Géhu-Franck 1985;16755;/383/3576/16755/24240
24242;Aceri pseudoplatani - Salicetum appendiculatae (Braun-Blanq. 1950) Oberd. 1957 emend. 1978;16755;/383/3576/16755/24242
24250;Sorbo aucupariae - Loniceretum nigrae de Foucault 1987;16755;/383/3576/16755/24250
24252;Alnetum viridis Braun-Blanq. ex Beger 1922;16756;/383/3576/16756/24252
24262;Fumario capreolatae - Torilidetum nodosae de Foucault 2009;16760;/384/3577/16760/24262
24267;Geranio columbini - Cardaminetum hirsutae Royer in Royer et al. 2006;16764;/384/3578/16764/24267
24271;Sedetum cepaeae Robbe in Royer et al.;16764;/384/3578/16764/24271
24273;Barbareetum vernae Robbe in Royer et al. 2006;16764;/384/3578/16764/24273
24274;Cardamino hirsutae - Arabidopsietum thalianae Géhu 1999;16764;/384/3578/16764/24274
24277;Claytonio perfoliatae - Anthriscetum caucalidis Izco et al. 1978;16765;/384/3578/16765/24277
24278;Anthrisco caucalidis - Cochlearietum danicae Bioret et al. 1993;16765;/384/3578/16765/24278
24282;Galio aparines - Fumarietum boraei Géhu 2006;16765;/384/3578/16765/24282
24284;Nitelletum flexilis Corill. 1957;16766;/385/3579/16766/24284
24285;Nitelletum capillaris Corill. 1957;16766;/385/3579/16766/24285
24286;Nitelletum gracilis Corill. 1957;16766;/385/3579/16766/24286
24288;Charetum braunii Corill. 1957;16766;/385/3579/16766/24288
24289;Magnonitelletum translucentis Corill. 1957;16766;/385/3579/16766/24289
24291;Nitelletum syncarpae Corill. 1957;16767;/385/3579/16767/24291
24294;Nitelletum syncarpo - tenuissimae W. Krause 1969;16767;/385/3579/16767/24294
24295;Charo vulgaris - Tolypelletum intricatae W. Krause ex W. Krause & Lang in Oberd. 1977;16767;/385/3579/16767/24295
24297;Charetum vulgaris Corill. 1949;16768;/385/3580/16768/24297
24298;Nitelletum opacae Corill. 1957;16768;/385/3580/16768/24298
24300;Tolypelletum proliferae Guerlesquin 1961;16768;/385/3580/16768/24300
24302;Charetum strigosae Dambska 1966;16769;/385/3580/16769/24302
24304;Nitellopsietum obtusae Dambska 1961;16769;/385/3580/16769/24304
24305;Lychnothamnetum barbati Ionescu-Teculescu 1972;16769;/385/3580/16769/24305
24307;Magnocharetum hispidae Corill. 1957;16769;/385/3580/16769/24307
24308;Charetum virgatae Doll 2012;16769;/385/3580/16769/24308
24310;Magnocharetum tomentosae Corill. 1957;16769;/385/3580/16769/24310
24311;Charetum asperae Corill. 1957;16769;/385/3580/16769/24311
24313;Charetum fragilis Corill. 1949;16769;/385/3580/16769/24313
24315;Lamprothamnietum papulosi Corill. 1953;16770;/385/3581/16770/24315
24317;Charetum conniventis Ionescu-Teculescu 1972;16770;/385/3581/16770/24317
24318;Charetum canescentis Corill. 1957;16770;/385/3581/16770/24318
24320;Tolypelletum nidificae Korna? 1959;16770;/385/3581/16770/24320
24322;Calicotomo spinosae - Cistetum crispi Braun-Blanq. in Braun-Blanq., Molin. & Wagner 1940;16771;/386/3582/16771/24322
24330;Lavandulo stoechadis - Cistetum monspeliensis Braun-Blanq., Molin. & Wagner ex Arrigoni, Di Tomaso, Camarda & Satta 1996;16773;/386/3582/16773/24330
24337;Athyrio filicis-feminae - Phalaridetum arundinaceae Labadille 2000;16774;/388/3583/16774/24337
24341;Scrophulario auriculatae - Angelicetum sylvestris Robbe in Royer et al. 2006;16774;/388/3583/16774/24341
24348;Angelico sylvestris - Filipenduletum ulmariae Roulier 1998 nom. illeg.;16775;/388/3583/16775/24348
24354;Equiseto sylvatici - Lotetum uliginosi Passarge 1988;16776;/388/3583/16776/24354
24357;Thalictro flavi - Filipenduletum ulmariae Tüxen & Hülbusch apud Richard 1975 nom. illeg.;16776;/388/3583/16776/24357
24361;Ranunculo aconitifolii - Filipenduletum ulmariae Bal.-Tul. & Hübl 1979;16776;/388/3583/16776/24361
24369;Calystegio sepium - Senecionetum paludosi Tüxen ex Passarge 1993 ;16779;/388/3584/16779/24369
24372;Epilobio hirsuti - Equisetetum telmateiae de Foucault in Royer et al. 2006;16779;/388/3584/16779/24372
24374;Calystegio sepium - Asteretum lanceolati Holzner et al. ex Passarge 1993;16779;/388/3584/16779/24374
24379;Cuscuto europaeae - Brassicetum nigrae Volk ex Oberd. 1957;16779;/388/3584/16779/24379
24382;Symphyto officinalis - Rubetum caesii Passarge 1982;16779;/388/3584/16779/24382
24387;Petasitetum hybridi Oberd. 1949 emend. Kopecký 1969;16779;/388/3584/16779/24387
24388;Urtico dioicae - Convolvuletum sepium Görs & Th. Müll. 1969;16779;/388/3584/16779/24388
24392;Senecioni aquatici - Oenanthetum crocatae Lazare & Bioret 2006;16780;/388/3584/16780/24392
24394;Althaeetum officinalis J. Duvign. 1967;16780;/388/3584/16780/24394
26399;Rubetum sylvatici H.E. Weber in Ri. Pott 1995;26398;/26383/26388/26398/26399
26400;Groupe à Rubus scissus - Salix aurita Weber 1998;26398;/26383/26388/26398/26400
26402;Rubetum pedemontani H.E. Weber in Ri. Pott 1995;26398;/26383/26388/26398/26402
26438;Primulo integrifoliae - Salicetum reticulatae Corriol 2014;26393;/26382/26385/26393/26438
26441;Primulo integrifoliae - Salicetum herbaceae Corriol 2014;26394;/26382/26386/26394/26441
26443;Gnaphalio supini - Sedetum candollei Braun-Blanq. 1948;26394;/26382/26386/26394/26443
26445;Caricetum foetidae Frey 1922;26394;/26382/26386/26394/26445
26446;Luzuletum spadiceae Braun-Blanq. in Braun-Blanq. & H. Jenny 1926;26394;/26382/26386/26394/26446
26448;Salici herbaceae - Caricetum lachenalii Béguin & Theurillat 1982;26394;/26382/26386/26394/26448
26451;Osmundo regalis - Salicetum atrocinereae  Braun-Blanq. & Tüxen 1952 ;26395;/26383/26387/26395/26451
26452;Myricetum gale  Osvald 1923 ;26395;/26383/26387/26395/26452
26454;Salicetum pentandro - cinereae  Almquist ex H. Passarge 1961 ;26396;/26383/26387/26396/26454
26456;Frangulo alni - Populetum tremulae  Felzines in J.-M. Royer, Felzines, Misset & Thévenin 2006;26396;/26383/26387/26396/26456
26460;Erico scopariae - Franguletum alni  Géhu & Géhu-Franck 1975;26397;/26383/26388/26397/26460
26461;Ericetum scopario - erigenae  Lahondère & Bioret 1996 ;26397;/26383/26388/26397/26461
26464;Rubetum grati Tüxen & Neumann ex H.E. Weber 1976;26398;/26383/26388/26398/26464
26404;Frangulo alni - Rubetum plicati (Neumann in Tüxen 1952) Oberd. ex de Foucault & J.-M. Royer 2014;26398;/26383/26388/26398/26404
26405;Capparietum rupestris  O. Bolòs & Molin. 1958;26389;/26381/26384/26389/26405
26406;Cymbalario muralis - Trachelietum caerulei  Rivas-Mart. 1969 ;26389;/26381/26384/26389/26406
26407;Oxalido corniculatae - Parietarietum judaicae  (Braun-Blanq., Roussine & Nègre 1952) Segal 1969;26389;/26381/26384/26389/26407
26408;Hyoscyami albi - Parietarietum judaicae Segal 1969 ;26389;/26381/26384/26389/26408
26409;Centranthetum rubri  Oberd. 1969 ;26389;/26381/26384/26389/26409
26410;Cymbalario muralis - Phyllitidetum scolopendrii  Brullo & Guarino 1998 ;26389;/26381/26384/26389/26410
26411;Groupement à Sarcocapnos enneaphylla B. Foucault 2014;26389;/26381/26384/26389/26411
26412;Groupement à Hyoscyamus albus B. Foucault 2014;26389;/26381/26384/26389/26412
26413;Poo nemoralis - Cymbalarietum muralis  Focquet 1986 ;26389;/26381/26384/26389/26413
26415;Polypodio interjecti - Erigerontetum karvinskiani  Géhu 2006 ;26390;/26381/26384/26390/26415
26417;Euphorbio portlandicae - Cheiranthetum cheiri  Géhu 2005 ;26391;/26381/26384/26391/26417
26419;Parietario judaicae - Senecionetum cinerariae  Géhu 2005 ;26391;/26381/26384/26391/26419
26421;Beto maritimae - Parietarietum judaicae  Bioret & Géhu 2011 ;26391;/26381/26384/26391/26421
26423;Linario muralis - Erigerontetum mucronati  Segal 1969 ;26392;/26381/26384/26392/26423
26424;Linario cymbalariae - Soleirolietum soleirolii Segal 1969 ;26392;/26381/26384/26392/26424
26426;Parietario judaicae - Dianthetum caryophylli  Géhu 2006 ;26392;/26381/26384/26392/26426
26428;Cheirantho cheiri - Parietarietum judaicae  Oberd. 1957 ;26392;/26381/26384/26392/26428
26430;Asplenio - Parietarietum judaicae Segal 1969;;
26431;Parietario judaicae - Cymbalarietum muralis Géhu 2007;26392;/26381/26384/26392/26431
26434;Arabidetum caeruleae Braun-Blanq. 1918;26393;/26382/26385/26393/26434
26437;Potentillo dubiae - Gnaphalietum hoppeani Braun-Blanq. 1948;26393;/26382/26385/26393/26437
26439;Alchemillo fissae - Luzuletum candollei Rivas-Mart., M.J. Costa & P. Soriano in Rivas-Mart. et al. 2002;26394;/26382/26386/26394/26439
26440;Anthelio juratzkanae - Salicetum herbaceae Braun-Blanq. 1948;26394;/26382/26386/26394/26440
26442;Cardamino alpinae - Gnaphalietum supini Rivas-Mart. 1969;26394;/26382/26386/26394/26442
26444;Cerastio trigyni - Mniobryetum albicantis Nègre 1972;26394;/26382/26386/26394/26444
26449;Myrico gale - Salicetum atrocinereae  Vanden Berghen 1969 ;26395;/26383/26387/26395/26449
26450;Erico scopariae - Myricetum gale  B. Foucault, Géhu & Géhu?Franck in B. Foucault & J.-M. Royer 2014;26395;/26383/26387/26395/26450
26453;Sphagno subnitentis - Ericetum terminalis Gamisans, Reille, Guyot & Moulenc 1998;26395;/26383/26387/26395/26453
26455;Frangulo alni - Salicetum cinereae  Graebner & Hueck 1931 ;26396;/26383/26387/26396/26455
26457;Frangulo alni - Salicetum auritae  Tüxen 1937 ;26396;/26383/26387/26396/26457
26458;Sphagno fallacis - Salicetum auritae Bick ex Boeuf & Ritz in Boeuf 2014;26396;/26383/26387/26396/26458
26462;Ulici europaei - Franguletum alni  Gloaguen & Touffet ex de Foucault 1988 ;26397;/26383/26388/26397/26462
26463;Junipero communis - Franguletum alni  B. Foucault 2014;26397;/26383/26388/26397/26463
23854;Eriophoro vaginati - Trichophoretum cespitosi Osvald 1923;20769;/380/3558/16687/20769/23854
23856;Eriophoro vaginati - Sphagnetum angustifolii K. Hueck corr. Thébaud & Pétel 2008;20770;/380/3558/16687/20770/23856
23858;Bryo argentei - Saginetum procumbentis Diemont et al. 1940 corr. Rivas-Mart. et al. 2002;16688;/374/3559/16688/23858
23860;Poo annuae - Plantaginetum coronopodis (Le Neveu 1978) de Foucault 2008;16689;/374/3559/16689/23860
23864;Sisymbrio supini - Poetum annuae (J. Duvign. & Worms 1987) Thévenin & Royer in Royer et al. 2006;16689;/374/3559/16689/23864
23867;Molineriello minutae - Juncetum fasciculati (Poirion & Barbero 1966) de Foucault 2013;16788;/381/3586/16788/23867
23870;Lythro thymifolii - Juncetum capitati (Braun-Blanq. 1936) de Foucault 2013;16691;/381/3586/16691/23870
23872;Pseudognaphalio luteoalbi - Exaculetum pusilli J.-M. Royer in J.-M. Royer, Felzines, Misset & Thévenin 2006;16691;/381/3586/16691/23872
23876;Spergulario rubrae - Illecebretum verticillati G. Sissingh 1957;20771;/381/3586/16692/20771/23876
23877;Centunculo minimi - Anthocerotetum punctati W. Koch ex Moor 1936;20771;/381/3586/16692/20771/23877
23881;Centunculo minimi - Isolepidetum setaceae Braun-Blanq. & Tüxen 1952;20772;/381/3586/16692/20772/23881
23883;Cyperetum flavescentis W. Koch ex Aichinger 1933;16693;/381/3586/16693/23883
23884;Stellario uliginosae - Scirpetum setacei W. Koch ex Libbert 1932;16693;/381/3586/16693/23884
23895;Gentiano uliginosae - Erythraeetum littoralis Braun-Blanq. & De Leeuw 1936;16694;/381/3586/16694/23895
23897;Euphorbio exiguae - Lythretum hyssopifoliae Misset in J.-M. Royer, Felzines, Misset & Thévenin, 2006;16694;/381/3586/16694/23897
23929;Scirpo americani - Hypericetum elodis Vanden Berghen 1969;16699;/376/3563/16699/23929
24498;Plantagini indicae - Senecionetum viscosi G. Phil. ex Eliás 1986;16807;/392/3592/16807/24498
24049;Leontodonto helvetici - Alchemilletum alpinae Lacoste 1975;16722;/378/3567/16722/24049
24075;Paronychio polygonifoliae - Armerietum multicipitis Gamisans 1977;16726;/378/3568/16726/24075
24114;Plantagini intermediae - Crypsietum alopecuroidis J.-M. Royer ex Didier & J.-M. Royer 1999;16733;/381/3572/16733/24114
24126;Hyperico corsici - Myosotidetum soleirolii Gamisans 1977;26380;/26380/24126
24192;Trollio europaei - Cirsietum salisburgensis (Kuhn 1937) Oberd. 1957;16746;/382/3574/8586/16746/24192
24222;Lolio perennis - Potentilletum anserinae Oberd. 1957;16749;/382/3574/8586/16749/24222
24351;Veronico longifoliae - Euphorbietum palustris Korneck 1963;16775;/388/3583/16775/24351
24459;Medicagini rigidulae - Aegilopetum geniculatae Rivas-Mart. & Izco 1977;16798;/392/3590/16798/24459
23968;Adenostylo alliariae - Athyrietum distentifolii Thébaud et al. 1992 nom. illeg.;16707;/377/3565/16707/23968
23995;Potentillo erectae - Centaurietum scilloidis (Lemée 1938) de Foucault 1995;16712;/378/3566/16712/23995
24128;Ranunculo ophioglossifolii - Artemisietum molinieri de Foucault & Loisel 2012;16734;/382/3573/8583/16734/24128
24163;Soncho arvensis - Rumicetum rupestris (Géhu & Géhu-Franck 1969) Bioret & Géhu 2002;16742;/382/3574/8585/16742/24163
24264;Cardamino hirsutae - Erophiletum praecocis O. Bolòs 1981 ;16762;/384/3577/16762/24264
24414;gr. à Ranunculus sardous - Lythrum thymifolium Seytre, 2006;16786;/381/3586/16786/24414
24244;Lonicero alpigenae - Sorbetum chamaemespili Géhu & Géhu-Franck 1985;16755;/383/3576/16755/24244
24316;Charetum galioidis Corill. 1957;16770;/385/3581/16770/24316
24332;gr. à Genista corsica - Erica scoparia Paradis inédit;16773;/386/3582/16773/24332
24381;Senecionetum fluviatilis Zahlheimer ex Th. Müll. in Oberd. 1983;16779;/388/3584/16779/24381
23848;Eriophoro vaginati - Scirpetum cespitosi  Ghestem et al. 1988;16731;/380/3571/16731/23848
24489;Urtico urentis - Malvetum neglectae W. Lohmeyer ex Grosse-Beckmann 1954;16805;/392/3592/16805/24489
24057;Lathyro lutei - Crepidetum blattarioidis Braun-Blanq. 1972;16723;/378/3567/16723/24057
24195;gr. à Alopecurus pratensis et Persicaria bistorta in Catteau et al. 2009;16746;/382/3574/8586/16746/24195
